CENSUS REGION,DIAG. GROUP,AGE  ,SEX,RECIPIENTS
Midwest      ,AUTISTIC   , <12 ,F  ,      2328
Midwest      ,AUTISTIC   , <12 ,M  ,     10433
Midwest      ,AUTISTIC   ,13-17,F  ,       872
Midwest      ,AUTISTIC   ,13-17,M  ,      3923
Midwest      ,AUTISTIC   ,18-21,F  ,      1164
Midwest      ,AUTISTIC   ,18-21,M  ,      5282
Midwest      ,AUTISTIC   ,22-25,F  ,       758
Midwest      ,AUTISTIC   ,22-25,M  ,      3201
Midwest      ,AUTISTIC   ,26-29,F  ,       381
Midwest      ,AUTISTIC   ,26-29,M  ,      1310
Midwest      ,AUTISTIC   ,30-39,F  ,       218
Midwest      ,AUTISTIC   ,30-39,M  ,       665
Midwest      ,AUTISTIC   ,40-49,F  ,        57
Midwest      ,AUTISTIC   ,40-49,M  ,       178
Midwest      ,AUTISTIC   ,50-59,F  ,        34
Midwest      ,AUTISTIC   ,50-59,M  ,        76
Midwest      ,AUTISTIC   ,60-64,F  ,        10
Midwest      ,AUTISTIC   ,60-64,M  ,        15
Midwest      ,BLOOD      , <12 ,F  ,       740
Midwest      ,BLOOD      , <12 ,M  ,       913
Midwest      ,BLOOD      ,13-17,F  ,       328
Midwest      ,BLOOD      ,13-17,M  ,       420
Midwest      ,BLOOD      ,18-21,F  ,       303
Midwest      ,BLOOD      ,18-21,M  ,       354
Midwest      ,BLOOD      ,22-25,F  ,       248
Midwest      ,BLOOD      ,22-25,M  ,       264
Midwest      ,BLOOD      ,26-29,F  ,       200
Midwest      ,BLOOD      ,26-29,M  ,       186
Midwest      ,BLOOD      ,30-39,F  ,       340
Midwest      ,BLOOD      ,30-39,M  ,       287
Midwest      ,BLOOD      ,40-49,F  ,       364
Midwest      ,BLOOD      ,40-49,M  ,       218
Midwest      ,BLOOD      ,50-59,F  ,       287
Midwest      ,BLOOD      ,50-59,M  ,       138
Midwest      ,BLOOD      ,60-64,F  ,        86
Midwest      ,BLOOD      ,60-64,M  ,        31
Midwest      ,CHILDHOOD  , <12 ,F  ,      4039
Midwest      ,CHILDHOOD  , <12 ,M  ,     15726
Midwest      ,CHILDHOOD  ,13-17,F  ,      4135
Midwest      ,CHILDHOOD  ,13-17,M  ,     15911
Midwest      ,CHILDHOOD  ,18-21,F  ,      1348
Midwest      ,CHILDHOOD  ,18-21,M  ,      4780
Midwest      ,CHILDHOOD  ,22-25,F  ,       386
Midwest      ,CHILDHOOD  ,22-25,M  ,      1057
Midwest      ,CHILDHOOD  ,26-29,F  ,       246
Midwest      ,CHILDHOOD  ,26-29,M  ,       676
Midwest      ,CHILDHOOD  ,30-39,F  ,       155
Midwest      ,CHILDHOOD  ,30-39,M  ,       347
Midwest      ,CHILDHOOD  ,40-49,F  ,        77
Midwest      ,CHILDHOOD  ,40-49,M  ,        90
Midwest      ,CHILDHOOD  ,50-59,F  ,        42
Midwest      ,CHILDHOOD  ,50-59,M  ,        44
Midwest      ,CHILDHOOD  ,60-64,F  ,        10
Midwest      ,CHILDHOOD  ,60-64,M  ,         7
Midwest      ,CIRCUL     , <12 ,F  ,       435
Midwest      ,CIRCUL     , <12 ,M  ,       465
Midwest      ,CIRCUL     ,13-17,F  ,       108
Midwest      ,CIRCUL     ,13-17,M  ,       125
Midwest      ,CIRCUL     ,18-21,F  ,       147
Midwest      ,CIRCUL     ,18-21,M  ,       177
Midwest      ,CIRCUL     ,22-25,F  ,       189
Midwest      ,CIRCUL     ,22-25,M  ,       219
Midwest      ,CIRCUL     ,26-29,F  ,       230
Midwest      ,CIRCUL     ,26-29,M  ,       226
Midwest      ,CIRCUL     ,30-39,F  ,       911
Midwest      ,CIRCUL     ,30-39,M  ,       950
Midwest      ,CIRCUL     ,40-49,F  ,      2979
Midwest      ,CIRCUL     ,40-49,M  ,      2833
Midwest      ,CIRCUL     ,50-59,F  ,      8036
Midwest      ,CIRCUL     ,50-59,M  ,      9279
Midwest      ,CIRCUL     ,60-64,F  ,      4345
Midwest      ,CIRCUL     ,60-64,M  ,      4379
Midwest      ,CONGEN     , <12 ,F  ,      5047
Midwest      ,CONGEN     , <12 ,M  ,      5945
Midwest      ,CONGEN     ,13-17,F  ,       916
Midwest      ,CONGEN     ,13-17,M  ,      1075
Midwest      ,CONGEN     ,18-21,F  ,      1217
Midwest      ,CONGEN     ,18-21,M  ,      1352
Midwest      ,CONGEN     ,22-25,F  ,       953
Midwest      ,CONGEN     ,22-25,M  ,      1061
Midwest      ,CONGEN     ,26-29,F  ,       610
Midwest      ,CONGEN     ,26-29,M  ,       652
Midwest      ,CONGEN     ,30-39,F  ,       529
Midwest      ,CONGEN     ,30-39,M  ,       580
Midwest      ,CONGEN     ,40-49,F  ,       342
Midwest      ,CONGEN     ,40-49,M  ,       275
Midwest      ,CONGEN     ,50-59,F  ,       183
Midwest      ,CONGEN     ,50-59,M  ,       168
Midwest      ,CONGEN     ,60-64,F  ,        44
Midwest      ,CONGEN     ,60-64,M  ,        38
Midwest      ,DEVELOP    , <12 ,F  ,     12172
Midwest      ,DEVELOP    , <12 ,M  ,     28445
Midwest      ,DEVELOP    ,13-17,F  ,      3713
Midwest      ,DEVELOP    ,13-17,M  ,      7555
Midwest      ,DEVELOP    ,18-21,F  ,       948
Midwest      ,DEVELOP    ,18-21,M  ,      1794
Midwest      ,DEVELOP    ,22-25,F  ,       353
Midwest      ,DEVELOP    ,22-25,M  ,       498
Midwest      ,DEVELOP    ,26-29,F  ,       235
Midwest      ,DEVELOP    ,26-29,M  ,       354
Midwest      ,DEVELOP    ,30-39,F  ,       320
Midwest      ,DEVELOP    ,30-39,M  ,       329
Midwest      ,DEVELOP    ,40-49,F  ,       124
Midwest      ,DEVELOP    ,40-49,M  ,       137
Midwest      ,DEVELOP    ,50-59,F  ,        89
Midwest      ,DEVELOP    ,50-59,M  ,       109
Midwest      ,DEVELOP    ,60-64,F  ,        18
Midwest      ,DEVELOP    ,60-64,M  ,        24
Midwest      ,DIGEST     , <12 ,F  ,      1163
Midwest      ,DIGEST     , <12 ,M  ,      1480
Midwest      ,DIGEST     ,13-17,F  ,        95
Midwest      ,DIGEST     ,13-17,M  ,       111
Midwest      ,DIGEST     ,18-21,F  ,        98
Midwest      ,DIGEST     ,18-21,M  ,       116
Midwest      ,DIGEST     ,22-25,F  ,       135
Midwest      ,DIGEST     ,22-25,M  ,       101
Midwest      ,DIGEST     ,26-29,F  ,       116
Midwest      ,DIGEST     ,26-29,M  ,       122
Midwest      ,DIGEST     ,30-39,F  ,       485
Midwest      ,DIGEST     ,30-39,M  ,       326
Midwest      ,DIGEST     ,40-49,F  ,      1153
Midwest      ,DIGEST     ,40-49,M  ,       816
Midwest      ,DIGEST     ,50-59,F  ,      1793
Midwest      ,DIGEST     ,50-59,M  ,      1773
Midwest      ,DIGEST     ,60-64,F  ,       490
Midwest      ,DIGEST     ,60-64,M  ,       443
Midwest      ,ENDOCR     , <12 ,F  ,       520
Midwest      ,ENDOCR     , <12 ,M  ,       604
Midwest      ,ENDOCR     ,13-17,F  ,       243
Midwest      ,ENDOCR     ,13-17,M  ,       254
Midwest      ,ENDOCR     ,18-21,F  ,       236
Midwest      ,ENDOCR     ,18-21,M  ,       244
Midwest      ,ENDOCR     ,22-25,F  ,       302
Midwest      ,ENDOCR     ,22-25,M  ,       197
Midwest      ,ENDOCR     ,26-29,F  ,       338
Midwest      ,ENDOCR     ,26-29,M  ,       239
Midwest      ,ENDOCR     ,30-39,F  ,      1453
Midwest      ,ENDOCR     ,30-39,M  ,       873
Midwest      ,ENDOCR     ,40-49,F  ,      4233
Midwest      ,ENDOCR     ,40-49,M  ,      1729
Midwest      ,ENDOCR     ,50-59,F  ,      9044
Midwest      ,ENDOCR     ,50-59,M  ,      3213
Midwest      ,ENDOCR     ,60-64,F  ,      4604
Midwest      ,ENDOCR     ,60-64,M  ,      1163
Midwest      ,GENITO     , <12 ,F  ,       158
Midwest      ,GENITO     , <12 ,M  ,       254
Midwest      ,GENITO     ,13-17,F  ,        87
Midwest      ,GENITO     ,13-17,M  ,       115
Midwest      ,GENITO     ,18-21,F  ,       156
Midwest      ,GENITO     ,18-21,M  ,       190
Midwest      ,GENITO     ,22-25,F  ,       213
Midwest      ,GENITO     ,22-25,M  ,       265
Midwest      ,GENITO     ,26-29,F  ,       195
Midwest      ,GENITO     ,26-29,M  ,       246
Midwest      ,GENITO     ,30-39,F  ,       672
Midwest      ,GENITO     ,30-39,M  ,       818
Midwest      ,GENITO     ,40-49,F  ,      1103
Midwest      ,GENITO     ,40-49,M  ,      1132
Midwest      ,GENITO     ,50-59,F  ,      1195
Midwest      ,GENITO     ,50-59,M  ,      1351
Midwest      ,GENITO     ,60-64,F  ,       388
Midwest      ,GENITO     ,60-64,M  ,       383
Midwest      ,INFECT     , <12 ,F  ,        65
Midwest      ,INFECT     , <12 ,M  ,        55
Midwest      ,INFECT     ,13-17,F  ,        44
Midwest      ,INFECT     ,13-17,M  ,        52
Midwest      ,INFECT     ,18-21,F  ,        35
Midwest      ,INFECT     ,18-21,M  ,        40
Midwest      ,INFECT     ,22-25,F  ,        40
Midwest      ,INFECT     ,22-25,M  ,        79
Midwest      ,INFECT     ,26-29,F  ,        86
Midwest      ,INFECT     ,26-29,M  ,       123
Midwest      ,INFECT     ,30-39,F  ,       373
Midwest      ,INFECT     ,30-39,M  ,       524
Midwest      ,INFECT     ,40-49,F  ,       926
Midwest      ,INFECT     ,40-49,M  ,      1599
Midwest      ,INFECT     ,50-59,F  ,      1096
Midwest      ,INFECT     ,50-59,M  ,      1531
Midwest      ,INFECT     ,60-64,F  ,       385
Midwest      ,INFECT     ,60-64,M  ,       382
Midwest      ,INJURY     , <12 ,F  ,       415
Midwest      ,INJURY     , <12 ,M  ,       585
Midwest      ,INJURY     ,13-17,F  ,       183
Midwest      ,INJURY     ,13-17,M  ,       235
Midwest      ,INJURY     ,18-21,F  ,       298
Midwest      ,INJURY     ,18-21,M  ,       607
Midwest      ,INJURY     ,22-25,F  ,       414
Midwest      ,INJURY     ,22-25,M  ,       872
Midwest      ,INJURY     ,26-29,F  ,       376
Midwest      ,INJURY     ,26-29,M  ,       901
Midwest      ,INJURY     ,30-39,F  ,      1133
Midwest      ,INJURY     ,30-39,M  ,      2409
Midwest      ,INJURY     ,40-49,F  ,      1943
Midwest      ,INJURY     ,40-49,M  ,      3257
Midwest      ,INJURY     ,50-59,F  ,      2852
Midwest      ,INJURY     ,50-59,M  ,      4428
Midwest      ,INJURY     ,60-64,F  ,      1076
Midwest      ,INJURY     ,60-64,M  ,      1280
Midwest      ,INTELLECT  , <12 ,F  ,      5397
Midwest      ,INTELLECT  , <12 ,M  ,      9290
Midwest      ,INTELLECT  ,13-17,F  ,      7127
Midwest      ,INTELLECT  ,13-17,M  ,     11208
Midwest      ,INTELLECT  ,18-21,F  ,     12901
Midwest      ,INTELLECT  ,18-21,M  ,     16361
Midwest      ,INTELLECT  ,22-25,F  ,     12915
Midwest      ,INTELLECT  ,22-25,M  ,     14365
Midwest      ,INTELLECT  ,26-29,F  ,     11501
Midwest      ,INTELLECT  ,26-29,M  ,     12131
Midwest      ,INTELLECT  ,30-39,F  ,     22733
Midwest      ,INTELLECT  ,30-39,M  ,     22026
Midwest      ,INTELLECT  ,40-49,F  ,     22053
Midwest      ,INTELLECT  ,40-49,M  ,     20694
Midwest      ,INTELLECT  ,50-59,F  ,     17532
Midwest      ,INTELLECT  ,50-59,M  ,     15657
Midwest      ,INTELLECT  ,60-64,F  ,      4925
Midwest      ,INTELLECT  ,60-64,M  ,      3632
Midwest      ,MENTALOTHER, <12 ,F  ,       973
Midwest      ,MENTALOTHER, <12 ,M  ,      1987
Midwest      ,MENTALOTHER,13-17,F  ,      1449
Midwest      ,MENTALOTHER,13-17,M  ,      2720
Midwest      ,MENTALOTHER,18-21,F  ,      1907
Midwest      ,MENTALOTHER,18-21,M  ,      2734
Midwest      ,MENTALOTHER,22-25,F  ,      2238
Midwest      ,MENTALOTHER,22-25,M  ,      2393
Midwest      ,MENTALOTHER,26-29,F  ,      2494
Midwest      ,MENTALOTHER,26-29,M  ,      2218
Midwest      ,MENTALOTHER,30-39,F  ,      7483
Midwest      ,MENTALOTHER,30-39,M  ,      5058
Midwest      ,MENTALOTHER,40-49,F  ,      9284
Midwest      ,MENTALOTHER,40-49,M  ,      5559
Midwest      ,MENTALOTHER,50-59,F  ,      9271
Midwest      ,MENTALOTHER,50-59,M  ,      5524
Midwest      ,MENTALOTHER,60-64,F  ,      3001
Midwest      ,MENTALOTHER,60-64,M  ,      1549
Midwest      ,MOOD       , <12 ,F  ,       830
Midwest      ,MOOD       , <12 ,M  ,      2197
Midwest      ,MOOD       ,13-17,F  ,      2365
Midwest      ,MOOD       ,13-17,M  ,      3600
Midwest      ,MOOD       ,18-21,F  ,      3821
Midwest      ,MOOD       ,18-21,M  ,      3756
Midwest      ,MOOD       ,22-25,F  ,      4877
Midwest      ,MOOD       ,22-25,M  ,      3809
Midwest      ,MOOD       ,26-29,F  ,      6031
Midwest      ,MOOD       ,26-29,M  ,      3782
Midwest      ,MOOD       ,30-39,F  ,     20369
Midwest      ,MOOD       ,30-39,M  ,      9149
Midwest      ,MOOD       ,40-49,F  ,     33166
Midwest      ,MOOD       ,40-49,M  ,     12614
Midwest      ,MOOD       ,50-59,F  ,     36814
Midwest      ,MOOD       ,50-59,M  ,     14183
Midwest      ,MOOD       ,60-64,F  ,     11452
Midwest      ,MOOD       ,60-64,M  ,      3639
Midwest      ,MUSCUL     , <12 ,F  ,       550
Midwest      ,MUSCUL     , <12 ,M  ,       532
Midwest      ,MUSCUL     ,13-17,F  ,       327
Midwest      ,MUSCUL     ,13-17,M  ,       249
Midwest      ,MUSCUL     ,18-21,F  ,       428
Midwest      ,MUSCUL     ,18-21,M  ,       349
Midwest      ,MUSCUL     ,22-25,F  ,       610
Midwest      ,MUSCUL     ,22-25,M  ,       402
Midwest      ,MUSCUL     ,26-29,F  ,       813
Midwest      ,MUSCUL     ,26-29,M  ,       491
Midwest      ,MUSCUL     ,30-39,F  ,      4019
Midwest      ,MUSCUL     ,30-39,M  ,      2121
Midwest      ,MUSCUL     ,40-49,F  ,     12231
Midwest      ,MUSCUL     ,40-49,M  ,      6624
Midwest      ,MUSCUL     ,50-59,F  ,     28096
Midwest      ,MUSCUL     ,50-59,M  ,     18697
Midwest      ,MUSCUL     ,60-64,F  ,     13144
Midwest      ,MUSCUL     ,60-64,M  ,      7044
Midwest      ,NEOPLA     , <12 ,F  ,       938
Midwest      ,NEOPLA     , <12 ,M  ,      1196
Midwest      ,NEOPLA     ,13-17,F  ,       286
Midwest      ,NEOPLA     ,13-17,M  ,       373
Midwest      ,NEOPLA     ,18-21,F  ,       221
Midwest      ,NEOPLA     ,18-21,M  ,       296
Midwest      ,NEOPLA     ,22-25,F  ,       210
Midwest      ,NEOPLA     ,22-25,M  ,       252
Midwest      ,NEOPLA     ,26-29,F  ,       182
Midwest      ,NEOPLA     ,26-29,M  ,       219
Midwest      ,NEOPLA     ,30-39,F  ,       559
Midwest      ,NEOPLA     ,30-39,M  ,       393
Midwest      ,NEOPLA     ,40-49,F  ,      1493
Midwest      ,NEOPLA     ,40-49,M  ,       827
Midwest      ,NEOPLA     ,50-59,F  ,      2533
Midwest      ,NEOPLA     ,50-59,M  ,      2108
Midwest      ,NEOPLA     ,60-64,F  ,       892
Midwest      ,NEOPLA     ,60-64,M  ,       656
Midwest      ,NERVOUS    , <12 ,F  ,      5918
Midwest      ,NERVOUS    , <12 ,M  ,      7467
Midwest      ,NERVOUS    ,13-17,F  ,      2503
Midwest      ,NERVOUS    ,13-17,M  ,      3428
Midwest      ,NERVOUS    ,18-21,F  ,      3944
Midwest      ,NERVOUS    ,18-21,M  ,      4890
Midwest      ,NERVOUS    ,22-25,F  ,      3749
Midwest      ,NERVOUS    ,22-25,M  ,      4487
Midwest      ,NERVOUS    ,26-29,F  ,      3386
Midwest      ,NERVOUS    ,26-29,M  ,      3625
Midwest      ,NERVOUS    ,30-39,F  ,      6790
Midwest      ,NERVOUS    ,30-39,M  ,      6174
Midwest      ,NERVOUS    ,40-49,F  ,      7898
Midwest      ,NERVOUS    ,40-49,M  ,      5912
Midwest      ,NERVOUS    ,50-59,F  ,      8812
Midwest      ,NERVOUS    ,50-59,M  ,      6273
Midwest      ,NERVOUS    ,60-64,F  ,      3127
Midwest      ,NERVOUS    ,60-64,M  ,      1841
Midwest      ,ORGANIC    , <12 ,F  ,       981
Midwest      ,ORGANIC    , <12 ,M  ,      1770
Midwest      ,ORGANIC    ,13-17,F  ,       470
Midwest      ,ORGANIC    ,13-17,M  ,      1064
Midwest      ,ORGANIC    ,18-21,F  ,      1366
Midwest      ,ORGANIC    ,18-21,M  ,      2592
Midwest      ,ORGANIC    ,22-25,F  ,      1422
Midwest      ,ORGANIC    ,22-25,M  ,      2479
Midwest      ,ORGANIC    ,26-29,F  ,      1200
Midwest      ,ORGANIC    ,26-29,M  ,      1928
Midwest      ,ORGANIC    ,30-39,F  ,      2196
Midwest      ,ORGANIC    ,30-39,M  ,      3458
Midwest      ,ORGANIC    ,40-49,F  ,      3451
Midwest      ,ORGANIC    ,40-49,M  ,      4579
Midwest      ,ORGANIC    ,50-59,F  ,      4518
Midwest      ,ORGANIC    ,50-59,M  ,      5964
Midwest      ,ORGANIC    ,60-64,F  ,      1613
Midwest      ,ORGANIC    ,60-64,M  ,      1742
Midwest      ,OTHER      , <12 ,F  ,      8801
Midwest      ,OTHER      , <12 ,M  ,     10056
Midwest      ,OTHER      ,13-17,F  ,       834
Midwest      ,OTHER      ,13-17,M  ,      1235
Midwest      ,OTHER      ,18-21,F  ,       281
Midwest      ,OTHER      ,18-21,M  ,       474
Midwest      ,OTHER      ,22-25,F  ,       161
Midwest      ,OTHER      ,22-25,M  ,       220
Midwest      ,OTHER      ,26-29,F  ,       138
Midwest      ,OTHER      ,26-29,M  ,       194
Midwest      ,OTHER      ,30-39,F  ,       158
Midwest      ,OTHER      ,30-39,M  ,       139
Midwest      ,OTHER      ,40-49,F  ,       151
Midwest      ,OTHER      ,40-49,M  ,       123
Midwest      ,OTHER      ,50-59,F  ,       172
Midwest      ,OTHER      ,50-59,M  ,       133
Midwest      ,OTHER      ,60-64,F  ,        46
Midwest      ,OTHER      ,60-64,M  ,        36
Midwest      ,RESPIR     , <12 ,F  ,      1692
Midwest      ,RESPIR     , <12 ,M  ,      2950
Midwest      ,RESPIR     ,13-17,F  ,       422
Midwest      ,RESPIR     ,13-17,M  ,       683
Midwest      ,RESPIR     ,18-21,F  ,       212
Midwest      ,RESPIR     ,18-21,M  ,       249
Midwest      ,RESPIR     ,22-25,F  ,       158
Midwest      ,RESPIR     ,22-25,M  ,       124
Midwest      ,RESPIR     ,26-29,F  ,       167
Midwest      ,RESPIR     ,26-29,M  ,        90
Midwest      ,RESPIR     ,30-39,F  ,       710
Midwest      ,RESPIR     ,30-39,M  ,       329
Midwest      ,RESPIR     ,40-49,F  ,      2454
Midwest      ,RESPIR     ,40-49,M  ,       993
Midwest      ,RESPIR     ,50-59,F  ,      5899
Midwest      ,RESPIR     ,50-59,M  ,      3501
Midwest      ,RESPIR     ,60-64,F  ,      2586
Midwest      ,RESPIR     ,60-64,M  ,      1578
Midwest      ,SCHIZO     , <12 ,F  ,        66
Midwest      ,SCHIZO     , <12 ,M  ,       120
Midwest      ,SCHIZO     ,13-17,F  ,       209
Midwest      ,SCHIZO     ,13-17,M  ,       349
Midwest      ,SCHIZO     ,18-21,F  ,       674
Midwest      ,SCHIZO     ,18-21,M  ,      1637
Midwest      ,SCHIZO     ,22-25,F  ,      1158
Midwest      ,SCHIZO     ,22-25,M  ,      3135
Midwest      ,SCHIZO     ,26-29,F  ,      1506
Midwest      ,SCHIZO     ,26-29,M  ,      4113
Midwest      ,SCHIZO     ,30-39,F  ,      4454
Midwest      ,SCHIZO     ,30-39,M  ,      9708
Midwest      ,SCHIZO     ,40-49,F  ,      8976
Midwest      ,SCHIZO     ,40-49,M  ,     12888
Midwest      ,SCHIZO     ,50-59,F  ,     11863
Midwest      ,SCHIZO     ,50-59,M  ,     14337
Midwest      ,SCHIZO     ,60-64,F  ,      3841
Midwest      ,SCHIZO     ,60-64,M  ,      2733
Midwest      ,SKIN       , <12 ,F  ,       123
Midwest      ,SKIN       , <12 ,M  ,       181
Midwest      ,SKIN       ,13-17,F  ,        29
Midwest      ,SKIN       ,13-17,M  ,        34
Midwest      ,SKIN       ,18-21,F  ,        41
Midwest      ,SKIN       ,18-21,M  ,        30
Midwest      ,SKIN       ,22-25,F  ,        27
Midwest      ,SKIN       ,22-25,M  ,        36
Midwest      ,SKIN       ,26-29,F  ,        47
Midwest      ,SKIN       ,26-29,M  ,        33
Midwest      ,SKIN       ,30-39,F  ,       159
Midwest      ,SKIN       ,30-39,M  ,        83
Midwest      ,SKIN       ,40-49,F  ,       226
Midwest      ,SKIN       ,40-49,M  ,       161
Midwest      ,SKIN       ,50-59,F  ,       264
Midwest      ,SKIN       ,50-59,M  ,       186
Midwest      ,SKIN       ,60-64,F  ,       112
Midwest      ,SKIN       ,60-64,M  ,        53
Midwest      ,UNKNOWN    , <12 ,F  ,      1025
Midwest      ,UNKNOWN    , <12 ,M  ,      1507
Midwest      ,UNKNOWN    ,13-17,F  ,       475
Midwest      ,UNKNOWN    ,13-17,M  ,       798
Midwest      ,UNKNOWN    ,18-21,F  ,       303
Midwest      ,UNKNOWN    ,18-21,M  ,       456
Midwest      ,UNKNOWN    ,22-25,F  ,       204
Midwest      ,UNKNOWN    ,22-25,M  ,       228
Midwest      ,UNKNOWN    ,26-29,F  ,       318
Midwest      ,UNKNOWN    ,26-29,M  ,       325
Midwest      ,UNKNOWN    ,30-39,F  ,      1473
Midwest      ,UNKNOWN    ,30-39,M  ,      1320
Midwest      ,UNKNOWN    ,40-49,F  ,      3182
Midwest      ,UNKNOWN    ,40-49,M  ,      2276
Midwest      ,UNKNOWN    ,50-59,F  ,      6170
Midwest      ,UNKNOWN    ,50-59,M  ,      5189
Midwest      ,UNKNOWN    ,60-64,F  ,      4089
Midwest      ,UNKNOWN    ,60-64,M  ,      2806
Northeast    ,AUTISTIC   , <12 ,F  ,      3509
Northeast    ,AUTISTIC   , <12 ,M  ,     14214
Northeast    ,AUTISTIC   ,13-17,F  ,       843
Northeast    ,AUTISTIC   ,13-17,M  ,      3827
Northeast    ,AUTISTIC   ,18-21,F  ,      1132
Northeast    ,AUTISTIC   ,18-21,M  ,      5050
Northeast    ,AUTISTIC   ,22-25,F  ,       772
Northeast    ,AUTISTIC   ,22-25,M  ,      3031
Northeast    ,AUTISTIC   ,26-29,F  ,       339
Northeast    ,AUTISTIC   ,26-29,M  ,      1314
Northeast    ,AUTISTIC   ,30-39,F  ,       206
Northeast    ,AUTISTIC   ,30-39,M  ,       712
Northeast    ,AUTISTIC   ,40-49,F  ,        67
Northeast    ,AUTISTIC   ,40-49,M  ,       247
Northeast    ,AUTISTIC   ,50-59,F  ,        46
Northeast    ,AUTISTIC   ,50-59,M  ,        88
Northeast    ,AUTISTIC   ,60-64,F  ,        15
Northeast    ,AUTISTIC   ,60-64,M  ,        20
Northeast    ,BLOOD      , <12 ,F  ,       639
Northeast    ,BLOOD      , <12 ,M  ,       820
Northeast    ,BLOOD      ,13-17,F  ,       315
Northeast    ,BLOOD      ,13-17,M  ,       363
Northeast    ,BLOOD      ,18-21,F  ,       269
Northeast    ,BLOOD      ,18-21,M  ,       337
Northeast    ,BLOOD      ,22-25,F  ,       264
Northeast    ,BLOOD      ,22-25,M  ,       259
Northeast    ,BLOOD      ,26-29,F  ,       183
Northeast    ,BLOOD      ,26-29,M  ,       177
Northeast    ,BLOOD      ,30-39,F  ,       353
Northeast    ,BLOOD      ,30-39,M  ,       287
Northeast    ,BLOOD      ,40-49,F  ,       362
Northeast    ,BLOOD      ,40-49,M  ,       187
Northeast    ,BLOOD      ,50-59,F  ,       347
Northeast    ,BLOOD      ,50-59,M  ,       164
Northeast    ,BLOOD      ,60-64,F  ,       126
Northeast    ,BLOOD      ,60-64,M  ,        47
Northeast    ,CHILDHOOD  , <12 ,F  ,      5979
Northeast    ,CHILDHOOD  , <12 ,M  ,     20837
Northeast    ,CHILDHOOD  ,13-17,F  ,      5121
Northeast    ,CHILDHOOD  ,13-17,M  ,     18133
Northeast    ,CHILDHOOD  ,18-21,F  ,      1559
Northeast    ,CHILDHOOD  ,18-21,M  ,      5033
Northeast    ,CHILDHOOD  ,22-25,F  ,       399
Northeast    ,CHILDHOOD  ,22-25,M  ,      1163
Northeast    ,CHILDHOOD  ,26-29,F  ,       216
Northeast    ,CHILDHOOD  ,26-29,M  ,       651
Northeast    ,CHILDHOOD  ,30-39,F  ,       158
Northeast    ,CHILDHOOD  ,30-39,M  ,       371
Northeast    ,CHILDHOOD  ,40-49,F  ,       107
Northeast    ,CHILDHOOD  ,40-49,M  ,       123
Northeast    ,CHILDHOOD  ,50-59,F  ,        60
Northeast    ,CHILDHOOD  ,50-59,M  ,        64
Northeast    ,CHILDHOOD  ,60-64,F  ,        13
Northeast    ,CHILDHOOD  ,60-64,M  ,         8
Northeast    ,CIRCUL     , <12 ,F  ,       286
Northeast    ,CIRCUL     , <12 ,M  ,       300
Northeast    ,CIRCUL     ,13-17,F  ,        88
Northeast    ,CIRCUL     ,13-17,M  ,       107
Northeast    ,CIRCUL     ,18-21,F  ,       133
Northeast    ,CIRCUL     ,18-21,M  ,       160
Northeast    ,CIRCUL     ,22-25,F  ,       148
Northeast    ,CIRCUL     ,22-25,M  ,       147
Northeast    ,CIRCUL     ,26-29,F  ,       194
Northeast    ,CIRCUL     ,26-29,M  ,       191
Northeast    ,CIRCUL     ,30-39,F  ,       751
Northeast    ,CIRCUL     ,30-39,M  ,       704
Northeast    ,CIRCUL     ,40-49,F  ,      2576
Northeast    ,CIRCUL     ,40-49,M  ,      2402
Northeast    ,CIRCUL     ,50-59,F  ,      7754
Northeast    ,CIRCUL     ,50-59,M  ,      8274
Northeast    ,CIRCUL     ,60-64,F  ,      5852
Northeast    ,CIRCUL     ,60-64,M  ,      5632
Northeast    ,CONGEN     , <12 ,F  ,      3543
Northeast    ,CONGEN     , <12 ,M  ,      4216
Northeast    ,CONGEN     ,13-17,F  ,       796
Northeast    ,CONGEN     ,13-17,M  ,       858
Northeast    ,CONGEN     ,18-21,F  ,       741
Northeast    ,CONGEN     ,18-21,M  ,       814
Northeast    ,CONGEN     ,22-25,F  ,       664
Northeast    ,CONGEN     ,22-25,M  ,       692
Northeast    ,CONGEN     ,26-29,F  ,       485
Northeast    ,CONGEN     ,26-29,M  ,       471
Northeast    ,CONGEN     ,30-39,F  ,       461
Northeast    ,CONGEN     ,30-39,M  ,       441
Northeast    ,CONGEN     ,40-49,F  ,       334
Northeast    ,CONGEN     ,40-49,M  ,       246
Northeast    ,CONGEN     ,50-59,F  ,       198
Northeast    ,CONGEN     ,50-59,M  ,       169
Northeast    ,CONGEN     ,60-64,F  ,        69
Northeast    ,CONGEN     ,60-64,M  ,        39
Northeast    ,DEVELOP    , <12 ,F  ,     10571
Northeast    ,DEVELOP    , <12 ,M  ,     24365
Northeast    ,DEVELOP    ,13-17,F  ,      4080
Northeast    ,DEVELOP    ,13-17,M  ,      8151
Northeast    ,DEVELOP    ,18-21,F  ,      1219
Northeast    ,DEVELOP    ,18-21,M  ,      2241
Northeast    ,DEVELOP    ,22-25,F  ,       519
Northeast    ,DEVELOP    ,22-25,M  ,       779
Northeast    ,DEVELOP    ,26-29,F  ,       458
Northeast    ,DEVELOP    ,26-29,M  ,       584
Northeast    ,DEVELOP    ,30-39,F  ,       652
Northeast    ,DEVELOP    ,30-39,M  ,       725
Northeast    ,DEVELOP    ,40-49,F  ,       317
Northeast    ,DEVELOP    ,40-49,M  ,       366
Northeast    ,DEVELOP    ,50-59,F  ,       209
Northeast    ,DEVELOP    ,50-59,M  ,       202
Northeast    ,DEVELOP    ,60-64,F  ,        51
Northeast    ,DEVELOP    ,60-64,M  ,        49
Northeast    ,DIGEST     , <12 ,F  ,       587
Northeast    ,DIGEST     , <12 ,M  ,       709
Northeast    ,DIGEST     ,13-17,F  ,        74
Northeast    ,DIGEST     ,13-17,M  ,        92
Northeast    ,DIGEST     ,18-21,F  ,        92
Northeast    ,DIGEST     ,18-21,M  ,       100
Northeast    ,DIGEST     ,22-25,F  ,       112
Northeast    ,DIGEST     ,22-25,M  ,        96
Northeast    ,DIGEST     ,26-29,F  ,       123
Northeast    ,DIGEST     ,26-29,M  ,       115
Northeast    ,DIGEST     ,30-39,F  ,       367
Northeast    ,DIGEST     ,30-39,M  ,       265
Northeast    ,DIGEST     ,40-49,F  ,       967
Northeast    ,DIGEST     ,40-49,M  ,       759
Northeast    ,DIGEST     ,50-59,F  ,      1652
Northeast    ,DIGEST     ,50-59,M  ,      1975
Northeast    ,DIGEST     ,60-64,F  ,       668
Northeast    ,DIGEST     ,60-64,M  ,       754
Northeast    ,ENDOCR     , <12 ,F  ,       437
Northeast    ,ENDOCR     , <12 ,M  ,       492
Northeast    ,ENDOCR     ,13-17,F  ,       247
Northeast    ,ENDOCR     ,13-17,M  ,       213
Northeast    ,ENDOCR     ,18-21,F  ,       181
Northeast    ,ENDOCR     ,18-21,M  ,       178
Northeast    ,ENDOCR     ,22-25,F  ,       202
Northeast    ,ENDOCR     ,22-25,M  ,       164
Northeast    ,ENDOCR     ,26-29,F  ,       228
Northeast    ,ENDOCR     ,26-29,M  ,       171
Northeast    ,ENDOCR     ,30-39,F  ,       887
Northeast    ,ENDOCR     ,30-39,M  ,       542
Northeast    ,ENDOCR     ,40-49,F  ,      2684
Northeast    ,ENDOCR     ,40-49,M  ,      1352
Northeast    ,ENDOCR     ,50-59,F  ,      6488
Northeast    ,ENDOCR     ,50-59,M  ,      2859
Northeast    ,ENDOCR     ,60-64,F  ,      4363
Northeast    ,ENDOCR     ,60-64,M  ,      1471
Northeast    ,GENITO     , <12 ,F  ,       148
Northeast    ,GENITO     , <12 ,M  ,       252
Northeast    ,GENITO     ,13-17,F  ,        84
Northeast    ,GENITO     ,13-17,M  ,        94
Northeast    ,GENITO     ,18-21,F  ,       118
Northeast    ,GENITO     ,18-21,M  ,       127
Northeast    ,GENITO     ,22-25,F  ,       156
Northeast    ,GENITO     ,22-25,M  ,       184
Northeast    ,GENITO     ,26-29,F  ,       160
Northeast    ,GENITO     ,26-29,M  ,       178
Northeast    ,GENITO     ,30-39,F  ,       624
Northeast    ,GENITO     ,30-39,M  ,       617
Northeast    ,GENITO     ,40-49,F  ,       998
Northeast    ,GENITO     ,40-49,M  ,       987
Northeast    ,GENITO     ,50-59,F  ,      1081
Northeast    ,GENITO     ,50-59,M  ,      1298
Northeast    ,GENITO     ,60-64,F  ,       426
Northeast    ,GENITO     ,60-64,M  ,       467
Northeast    ,INFECT     , <12 ,F  ,        71
Northeast    ,INFECT     , <12 ,M  ,        73
Northeast    ,INFECT     ,13-17,F  ,       129
Northeast    ,INFECT     ,13-17,M  ,       125
Northeast    ,INFECT     ,18-21,F  ,       103
Northeast    ,INFECT     ,18-21,M  ,       118
Northeast    ,INFECT     ,22-25,F  ,       108
Northeast    ,INFECT     ,22-25,M  ,       129
Northeast    ,INFECT     ,26-29,F  ,       109
Northeast    ,INFECT     ,26-29,M  ,       156
Northeast    ,INFECT     ,30-39,F  ,       816
Northeast    ,INFECT     ,30-39,M  ,       769
Northeast    ,INFECT     ,40-49,F  ,      3509
Northeast    ,INFECT     ,40-49,M  ,      3630
Northeast    ,INFECT     ,50-59,F  ,      3825
Northeast    ,INFECT     ,50-59,M  ,      5148
Northeast    ,INFECT     ,60-64,F  ,       922
Northeast    ,INFECT     ,60-64,M  ,      1347
Northeast    ,INJURY     , <12 ,F  ,       273
Northeast    ,INJURY     , <12 ,M  ,       347
Northeast    ,INJURY     ,13-17,F  ,       113
Northeast    ,INJURY     ,13-17,M  ,       160
Northeast    ,INJURY     ,18-21,F  ,       183
Northeast    ,INJURY     ,18-21,M  ,       375
Northeast    ,INJURY     ,22-25,F  ,       278
Northeast    ,INJURY     ,22-25,M  ,       560
Northeast    ,INJURY     ,26-29,F  ,       275
Northeast    ,INJURY     ,26-29,M  ,       701
Northeast    ,INJURY     ,30-39,F  ,       868
Northeast    ,INJURY     ,30-39,M  ,      2068
Northeast    ,INJURY     ,40-49,F  ,      1853
Northeast    ,INJURY     ,40-49,M  ,      3003
Northeast    ,INJURY     ,50-59,F  ,      2803
Northeast    ,INJURY     ,50-59,M  ,      4113
Northeast    ,INJURY     ,60-64,F  ,      1299
Northeast    ,INJURY     ,60-64,M  ,      1534
Northeast    ,INTELLECT  , <12 ,F  ,      2905
Northeast    ,INTELLECT  , <12 ,M  ,      5405
Northeast    ,INTELLECT  ,13-17,F  ,      4241
Northeast    ,INTELLECT  ,13-17,M  ,      6474
Northeast    ,INTELLECT  ,18-21,F  ,      8715
Northeast    ,INTELLECT  ,18-21,M  ,     11507
Northeast    ,INTELLECT  ,22-25,F  ,      9583
Northeast    ,INTELLECT  ,22-25,M  ,     10725
Northeast    ,INTELLECT  ,26-29,F  ,      8018
Northeast    ,INTELLECT  ,26-29,M  ,      8600
Northeast    ,INTELLECT  ,30-39,F  ,     17494
Northeast    ,INTELLECT  ,30-39,M  ,     17590
Northeast    ,INTELLECT  ,40-49,F  ,     17507
Northeast    ,INTELLECT  ,40-49,M  ,     17448
Northeast    ,INTELLECT  ,50-59,F  ,     13493
Northeast    ,INTELLECT  ,50-59,M  ,     12240
Northeast    ,INTELLECT  ,60-64,F  ,      4074
Northeast    ,INTELLECT  ,60-64,M  ,      3200
Northeast    ,MENTALOTHER, <12 ,F  ,      1088
Northeast    ,MENTALOTHER, <12 ,M  ,      2026
Northeast    ,MENTALOTHER,13-17,F  ,      1591
Northeast    ,MENTALOTHER,13-17,M  ,      2410
Northeast    ,MENTALOTHER,18-21,F  ,      1903
Northeast    ,MENTALOTHER,18-21,M  ,      2296
Northeast    ,MENTALOTHER,22-25,F  ,      2510
Northeast    ,MENTALOTHER,22-25,M  ,      2327
Northeast    ,MENTALOTHER,26-29,F  ,      2690
Northeast    ,MENTALOTHER,26-29,M  ,      2127
Northeast    ,MENTALOTHER,30-39,F  ,      7873
Northeast    ,MENTALOTHER,30-39,M  ,      4973
Northeast    ,MENTALOTHER,40-49,F  ,     11035
Northeast    ,MENTALOTHER,40-49,M  ,      5768
Northeast    ,MENTALOTHER,50-59,F  ,     10929
Northeast    ,MENTALOTHER,50-59,M  ,      5559
Northeast    ,MENTALOTHER,60-64,F  ,      3943
Northeast    ,MENTALOTHER,60-64,M  ,      1802
Northeast    ,MOOD       , <12 ,F  ,       848
Northeast    ,MOOD       , <12 ,M  ,      1937
Northeast    ,MOOD       ,13-17,F  ,      2492
Northeast    ,MOOD       ,13-17,M  ,      3134
Northeast    ,MOOD       ,18-21,F  ,      4060
Northeast    ,MOOD       ,18-21,M  ,      3599
Northeast    ,MOOD       ,22-25,F  ,      5231
Northeast    ,MOOD       ,22-25,M  ,      3827
Northeast    ,MOOD       ,26-29,F  ,      6071
Northeast    ,MOOD       ,26-29,M  ,      3695
Northeast    ,MOOD       ,30-39,F  ,     18959
Northeast    ,MOOD       ,30-39,M  ,      9204
Northeast    ,MOOD       ,40-49,F  ,     34492
Northeast    ,MOOD       ,40-49,M  ,     14252
Northeast    ,MOOD       ,50-59,F  ,     38031
Northeast    ,MOOD       ,50-59,M  ,     15348
Northeast    ,MOOD       ,60-64,F  ,     14104
Northeast    ,MOOD       ,60-64,M  ,      4638
Northeast    ,MUSCUL     , <12 ,F  ,       486
Northeast    ,MUSCUL     , <12 ,M  ,       527
Northeast    ,MUSCUL     ,13-17,F  ,       314
Northeast    ,MUSCUL     ,13-17,M  ,       273
Northeast    ,MUSCUL     ,18-21,F  ,       395
Northeast    ,MUSCUL     ,18-21,M  ,       309
Northeast    ,MUSCUL     ,22-25,F  ,       571
Northeast    ,MUSCUL     ,22-25,M  ,       372
Northeast    ,MUSCUL     ,26-29,F  ,       789
Northeast    ,MUSCUL     ,26-29,M  ,       424
Northeast    ,MUSCUL     ,30-39,F  ,      4074
Northeast    ,MUSCUL     ,30-39,M  ,      2109
Northeast    ,MUSCUL     ,40-49,F  ,     13709
Northeast    ,MUSCUL     ,40-49,M  ,      7405
Northeast    ,MUSCUL     ,50-59,F  ,     31296
Northeast    ,MUSCUL     ,50-59,M  ,     19077
Northeast    ,MUSCUL     ,60-64,F  ,     17971
Northeast    ,MUSCUL     ,60-64,M  ,      8984
Northeast    ,NEOPLA     , <12 ,F  ,       734
Northeast    ,NEOPLA     , <12 ,M  ,       894
Northeast    ,NEOPLA     ,13-17,F  ,       227
Northeast    ,NEOPLA     ,13-17,M  ,       292
Northeast    ,NEOPLA     ,18-21,F  ,       200
Northeast    ,NEOPLA     ,18-21,M  ,       256
Northeast    ,NEOPLA     ,22-25,F  ,       189
Northeast    ,NEOPLA     ,22-25,M  ,       235
Northeast    ,NEOPLA     ,26-29,F  ,       154
Northeast    ,NEOPLA     ,26-29,M  ,       164
Northeast    ,NEOPLA     ,30-39,F  ,       497
Northeast    ,NEOPLA     ,30-39,M  ,       342
Northeast    ,NEOPLA     ,40-49,F  ,      1341
Northeast    ,NEOPLA     ,40-49,M  ,       758
Northeast    ,NEOPLA     ,50-59,F  ,      2465
Northeast    ,NEOPLA     ,50-59,M  ,      1776
Northeast    ,NEOPLA     ,60-64,F  ,      1237
Northeast    ,NEOPLA     ,60-64,M  ,       859
Northeast    ,NERVOUS    , <12 ,F  ,      4375
Northeast    ,NERVOUS    , <12 ,M  ,      5499
Northeast    ,NERVOUS    ,13-17,F  ,      2190
Northeast    ,NERVOUS    ,13-17,M  ,      2518
Northeast    ,NERVOUS    ,18-21,F  ,      2980
Northeast    ,NERVOUS    ,18-21,M  ,      3669
Northeast    ,NERVOUS    ,22-25,F  ,      3026
Northeast    ,NERVOUS    ,22-25,M  ,      3421
Northeast    ,NERVOUS    ,26-29,F  ,      2564
Northeast    ,NERVOUS    ,26-29,M  ,      2695
Northeast    ,NERVOUS    ,30-39,F  ,      5444
Northeast    ,NERVOUS    ,30-39,M  ,      5007
Northeast    ,NERVOUS    ,40-49,F  ,      7549
Northeast    ,NERVOUS    ,40-49,M  ,      5584
Northeast    ,NERVOUS    ,50-59,F  ,      8606
Northeast    ,NERVOUS    ,50-59,M  ,      6088
Northeast    ,NERVOUS    ,60-64,F  ,      3713
Northeast    ,NERVOUS    ,60-64,M  ,      2329
Northeast    ,ORGANIC    , <12 ,F  ,      1107
Northeast    ,ORGANIC    , <12 ,M  ,      2489
Northeast    ,ORGANIC    ,13-17,F  ,       668
Northeast    ,ORGANIC    ,13-17,M  ,      1446
Northeast    ,ORGANIC    ,18-21,F  ,      1128
Northeast    ,ORGANIC    ,18-21,M  ,      2276
Northeast    ,ORGANIC    ,22-25,F  ,      1086
Northeast    ,ORGANIC    ,22-25,M  ,      1788
Northeast    ,ORGANIC    ,26-29,F  ,       759
Northeast    ,ORGANIC    ,26-29,M  ,      1204
Northeast    ,ORGANIC    ,30-39,F  ,      1281
Northeast    ,ORGANIC    ,30-39,M  ,      2225
Northeast    ,ORGANIC    ,40-49,F  ,      2321
Northeast    ,ORGANIC    ,40-49,M  ,      3237
Northeast    ,ORGANIC    ,50-59,F  ,      2849
Northeast    ,ORGANIC    ,50-59,M  ,      4123
Northeast    ,ORGANIC    ,60-64,F  ,      1276
Northeast    ,ORGANIC    ,60-64,M  ,      1468
Northeast    ,OTHER      , <12 ,F  ,      6172
Northeast    ,OTHER      , <12 ,M  ,      6978
Northeast    ,OTHER      ,13-17,F  ,       607
Northeast    ,OTHER      ,13-17,M  ,      1037
Northeast    ,OTHER      ,18-21,F  ,       212
Northeast    ,OTHER      ,18-21,M  ,       275
Northeast    ,OTHER      ,22-25,F  ,       133
Northeast    ,OTHER      ,22-25,M  ,       134
Northeast    ,OTHER      ,26-29,F  ,       109
Northeast    ,OTHER      ,26-29,M  ,       151
Northeast    ,OTHER      ,30-39,F  ,       139
Northeast    ,OTHER      ,30-39,M  ,       138
Northeast    ,OTHER      ,40-49,F  ,       165
Northeast    ,OTHER      ,40-49,M  ,       149
Northeast    ,OTHER      ,50-59,F  ,       268
Northeast    ,OTHER      ,50-59,M  ,       123
Northeast    ,OTHER      ,60-64,F  ,        83
Northeast    ,OTHER      ,60-64,M  ,        62
Northeast    ,RESPIR     , <12 ,F  ,      2123
Northeast    ,RESPIR     , <12 ,M  ,      3799
Northeast    ,RESPIR     ,13-17,F  ,       607
Northeast    ,RESPIR     ,13-17,M  ,      1097
Northeast    ,RESPIR     ,18-21,F  ,       257
Northeast    ,RESPIR     ,18-21,M  ,       310
Northeast    ,RESPIR     ,22-25,F  ,       178
Northeast    ,RESPIR     ,22-25,M  ,       101
Northeast    ,RESPIR     ,26-29,F  ,       182
Northeast    ,RESPIR     ,26-29,M  ,       108
Northeast    ,RESPIR     ,30-39,F  ,       767
Northeast    ,RESPIR     ,30-39,M  ,       347
Northeast    ,RESPIR     ,40-49,F  ,      2432
Northeast    ,RESPIR     ,40-49,M  ,       916
Northeast    ,RESPIR     ,50-59,F  ,      5752
Northeast    ,RESPIR     ,50-59,M  ,      2650
Northeast    ,RESPIR     ,60-64,F  ,      3028
Northeast    ,RESPIR     ,60-64,M  ,      1568
Northeast    ,SCHIZO     , <12 ,F  ,        78
Northeast    ,SCHIZO     , <12 ,M  ,       132
Northeast    ,SCHIZO     ,13-17,F  ,       223
Northeast    ,SCHIZO     ,13-17,M  ,       426
Northeast    ,SCHIZO     ,18-21,F  ,       616
Northeast    ,SCHIZO     ,18-21,M  ,      1457
Northeast    ,SCHIZO     ,22-25,F  ,      1089
Northeast    ,SCHIZO     ,22-25,M  ,      2781
Northeast    ,SCHIZO     ,26-29,F  ,      1400
Northeast    ,SCHIZO     ,26-29,M  ,      3606
Northeast    ,SCHIZO     ,30-39,F  ,      4428
Northeast    ,SCHIZO     ,30-39,M  ,      9814
Northeast    ,SCHIZO     ,40-49,F  ,      9505
Northeast    ,SCHIZO     ,40-49,M  ,     14626
Northeast    ,SCHIZO     ,50-59,F  ,     13426
Northeast    ,SCHIZO     ,50-59,M  ,     17504
Northeast    ,SCHIZO     ,60-64,F  ,      4990
Northeast    ,SCHIZO     ,60-64,M  ,      4366
Northeast    ,SKIN       , <12 ,F  ,        89
Northeast    ,SKIN       , <12 ,M  ,       108
Northeast    ,SKIN       ,13-17,F  ,        30
Northeast    ,SKIN       ,13-17,M  ,        35
Northeast    ,SKIN       ,18-21,F  ,        17
Northeast    ,SKIN       ,18-21,M  ,        20
Northeast    ,SKIN       ,22-25,F  ,        39
Northeast    ,SKIN       ,22-25,M  ,        25
Northeast    ,SKIN       ,26-29,F  ,        32
Northeast    ,SKIN       ,26-29,M  ,        21
Northeast    ,SKIN       ,30-39,F  ,       129
Northeast    ,SKIN       ,30-39,M  ,        79
Northeast    ,SKIN       ,40-49,F  ,       195
Northeast    ,SKIN       ,40-49,M  ,       112
Northeast    ,SKIN       ,50-59,F  ,       269
Northeast    ,SKIN       ,50-59,M  ,       164
Northeast    ,SKIN       ,60-64,F  ,       108
Northeast    ,SKIN       ,60-64,M  ,        56
Northeast    ,UNKNOWN    , <12 ,F  ,       938
Northeast    ,UNKNOWN    , <12 ,M  ,      1436
Northeast    ,UNKNOWN    ,13-17,F  ,       485
Northeast    ,UNKNOWN    ,13-17,M  ,       769
Northeast    ,UNKNOWN    ,18-21,F  ,       227
Northeast    ,UNKNOWN    ,18-21,M  ,       398
Northeast    ,UNKNOWN    ,22-25,F  ,       171
Northeast    ,UNKNOWN    ,22-25,M  ,       184
Northeast    ,UNKNOWN    ,26-29,F  ,       308
Northeast    ,UNKNOWN    ,26-29,M  ,       327
Northeast    ,UNKNOWN    ,30-39,F  ,      1533
Northeast    ,UNKNOWN    ,30-39,M  ,      1252
Northeast    ,UNKNOWN    ,40-49,F  ,      4139
Northeast    ,UNKNOWN    ,40-49,M  ,      2771
Northeast    ,UNKNOWN    ,50-59,F  ,      7493
Northeast    ,UNKNOWN    ,50-59,M  ,      5709
Northeast    ,UNKNOWN    ,60-64,F  ,      5215
Northeast    ,UNKNOWN    ,60-64,M  ,      3322
South        ,AUTISTIC   , <12 ,F  ,      4685
South        ,AUTISTIC   , <12 ,M  ,     19422
South        ,AUTISTIC   ,13-17,F  ,      1407
South        ,AUTISTIC   ,13-17,M  ,      6233
South        ,AUTISTIC   ,18-21,F  ,      1529
South        ,AUTISTIC   ,18-21,M  ,      6813
South        ,AUTISTIC   ,22-25,F  ,       845
South        ,AUTISTIC   ,22-25,M  ,      3883
South        ,AUTISTIC   ,26-29,F  ,       435
South        ,AUTISTIC   ,26-29,M  ,      1556
South        ,AUTISTIC   ,30-39,F  ,       275
South        ,AUTISTIC   ,30-39,M  ,       874
South        ,AUTISTIC   ,40-49,F  ,       105
South        ,AUTISTIC   ,40-49,M  ,       221
South        ,AUTISTIC   ,50-59,F  ,        47
South        ,AUTISTIC   ,50-59,M  ,        95
South        ,AUTISTIC   ,60-64,F  ,        16
South        ,AUTISTIC   ,60-64,M  ,        16
South        ,BLOOD      , <12 ,F  ,      2289
South        ,BLOOD      , <12 ,M  ,      3012
South        ,BLOOD      ,13-17,F  ,      1049
South        ,BLOOD      ,13-17,M  ,      1224
South        ,BLOOD      ,18-21,F  ,       900
South        ,BLOOD      ,18-21,M  ,      1027
South        ,BLOOD      ,22-25,F  ,       784
South        ,BLOOD      ,22-25,M  ,       761
South        ,BLOOD      ,26-29,F  ,       611
South        ,BLOOD      ,26-29,M  ,       555
South        ,BLOOD      ,30-39,F  ,      1103
South        ,BLOOD      ,30-39,M  ,       795
South        ,BLOOD      ,40-49,F  ,       906
South        ,BLOOD      ,40-49,M  ,       498
South        ,BLOOD      ,50-59,F  ,       800
South        ,BLOOD      ,50-59,M  ,       376
South        ,BLOOD      ,60-64,F  ,       251
South        ,BLOOD      ,60-64,M  ,       107
South        ,CHILDHOOD  , <12 ,F  ,     15851
South        ,CHILDHOOD  , <12 ,M  ,     53080
South        ,CHILDHOOD  ,13-17,F  ,     12526
South        ,CHILDHOOD  ,13-17,M  ,     43950
South        ,CHILDHOOD  ,18-21,F  ,      3450
South        ,CHILDHOOD  ,18-21,M  ,     10949
South        ,CHILDHOOD  ,22-25,F  ,       609
South        ,CHILDHOOD  ,22-25,M  ,      1554
South        ,CHILDHOOD  ,26-29,F  ,       319
South        ,CHILDHOOD  ,26-29,M  ,       813
South        ,CHILDHOOD  ,30-39,F  ,       198
South        ,CHILDHOOD  ,30-39,M  ,       400
South        ,CHILDHOOD  ,40-49,F  ,        98
South        ,CHILDHOOD  ,40-49,M  ,       118
South        ,CHILDHOOD  ,50-59,F  ,        83
South        ,CHILDHOOD  ,50-59,M  ,        76
South        ,CHILDHOOD  ,60-64,F  ,        18
South        ,CHILDHOOD  ,60-64,M  ,        19
South        ,CIRCUL     , <12 ,F  ,      1244
South        ,CIRCUL     , <12 ,M  ,      1519
South        ,CIRCUL     ,13-17,F  ,       283
South        ,CIRCUL     ,13-17,M  ,       314
South        ,CIRCUL     ,18-21,F  ,       354
South        ,CIRCUL     ,18-21,M  ,       372
South        ,CIRCUL     ,22-25,F  ,       382
South        ,CIRCUL     ,22-25,M  ,       433
South        ,CIRCUL     ,26-29,F  ,       552
South        ,CIRCUL     ,26-29,M  ,       479
South        ,CIRCUL     ,30-39,F  ,      2345
South        ,CIRCUL     ,30-39,M  ,      2065
South        ,CIRCUL     ,40-49,F  ,      7897
South        ,CIRCUL     ,40-49,M  ,      6616
South        ,CIRCUL     ,50-59,F  ,     21723
South        ,CIRCUL     ,50-59,M  ,     22690
South        ,CIRCUL     ,60-64,F  ,     13221
South        ,CIRCUL     ,60-64,M  ,     12303
South        ,CONGEN     , <12 ,F  ,     10427
South        ,CONGEN     , <12 ,M  ,     12118
South        ,CONGEN     ,13-17,F  ,      2138
South        ,CONGEN     ,13-17,M  ,      2373
South        ,CONGEN     ,18-21,F  ,      1862
South        ,CONGEN     ,18-21,M  ,      1987
South        ,CONGEN     ,22-25,F  ,      1535
South        ,CONGEN     ,22-25,M  ,      1590
South        ,CONGEN     ,26-29,F  ,      1047
South        ,CONGEN     ,26-29,M  ,      1083
South        ,CONGEN     ,30-39,F  ,      1141
South        ,CONGEN     ,30-39,M  ,      1004
South        ,CONGEN     ,40-49,F  ,       672
South        ,CONGEN     ,40-49,M  ,       455
South        ,CONGEN     ,50-59,F  ,       389
South        ,CONGEN     ,50-59,M  ,       304
South        ,CONGEN     ,60-64,F  ,       122
South        ,CONGEN     ,60-64,M  ,       112
South        ,DEVELOP    , <12 ,F  ,     25336
South        ,DEVELOP    , <12 ,M  ,     59054
South        ,DEVELOP    ,13-17,F  ,      7931
South        ,DEVELOP    ,13-17,M  ,     17422
South        ,DEVELOP    ,18-21,F  ,      2076
South        ,DEVELOP    ,18-21,M  ,      4001
South        ,DEVELOP    ,22-25,F  ,       535
South        ,DEVELOP    ,22-25,M  ,       836
South        ,DEVELOP    ,26-29,F  ,       430
South        ,DEVELOP    ,26-29,M  ,       556
South        ,DEVELOP    ,30-39,F  ,       398
South        ,DEVELOP    ,30-39,M  ,       435
South        ,DEVELOP    ,40-49,F  ,       250
South        ,DEVELOP    ,40-49,M  ,       210
South        ,DEVELOP    ,50-59,F  ,       169
South        ,DEVELOP    ,50-59,M  ,       196
South        ,DEVELOP    ,60-64,F  ,        50
South        ,DEVELOP    ,60-64,M  ,        44
South        ,DIGEST     , <12 ,F  ,      2520
South        ,DIGEST     , <12 ,M  ,      3113
South        ,DIGEST     ,13-17,F  ,       237
South        ,DIGEST     ,13-17,M  ,       269
South        ,DIGEST     ,18-21,F  ,       208
South        ,DIGEST     ,18-21,M  ,       213
South        ,DIGEST     ,22-25,F  ,       234
South        ,DIGEST     ,22-25,M  ,       224
South        ,DIGEST     ,26-29,F  ,       312
South        ,DIGEST     ,26-29,M  ,       261
South        ,DIGEST     ,30-39,F  ,      1048
South        ,DIGEST     ,30-39,M  ,       677
South        ,DIGEST     ,40-49,F  ,      2616
South        ,DIGEST     ,40-49,M  ,      1948
South        ,DIGEST     ,50-59,F  ,      4153
South        ,DIGEST     ,50-59,M  ,      4412
South        ,DIGEST     ,60-64,F  ,      1383
South        ,DIGEST     ,60-64,M  ,      1408
South        ,ENDOCR     , <12 ,F  ,      1091
South        ,ENDOCR     , <12 ,M  ,      1211
South        ,ENDOCR     ,13-17,F  ,       583
South        ,ENDOCR     ,13-17,M  ,       588
South        ,ENDOCR     ,18-21,F  ,       529
South        ,ENDOCR     ,18-21,M  ,       499
South        ,ENDOCR     ,22-25,F  ,       547
South        ,ENDOCR     ,22-25,M  ,       477
South        ,ENDOCR     ,26-29,F  ,       739
South        ,ENDOCR     ,26-29,M  ,       488
South        ,ENDOCR     ,30-39,F  ,      3328
South        ,ENDOCR     ,30-39,M  ,      1789
South        ,ENDOCR     ,40-49,F  ,      9003
South        ,ENDOCR     ,40-49,M  ,      3348
South        ,ENDOCR     ,50-59,F  ,     18749
South        ,ENDOCR     ,50-59,M  ,      6254
South        ,ENDOCR     ,60-64,F  ,     10944
South        ,ENDOCR     ,60-64,M  ,      2971
South        ,GENITO     , <12 ,F  ,       377
South        ,GENITO     , <12 ,M  ,       677
South        ,GENITO     ,13-17,F  ,       230
South        ,GENITO     ,13-17,M  ,       295
South        ,GENITO     ,18-21,F  ,       372
South        ,GENITO     ,18-21,M  ,       423
South        ,GENITO     ,22-25,F  ,       476
South        ,GENITO     ,22-25,M  ,       534
South        ,GENITO     ,26-29,F  ,       552
South        ,GENITO     ,26-29,M  ,       548
South        ,GENITO     ,30-39,F  ,      1845
South        ,GENITO     ,30-39,M  ,      1792
South        ,GENITO     ,40-49,F  ,      2911
South        ,GENITO     ,40-49,M  ,      2598
South        ,GENITO     ,50-59,F  ,      3343
South        ,GENITO     ,50-59,M  ,      3232
South        ,GENITO     ,60-64,F  ,      1157
South        ,GENITO     ,60-64,M  ,       934
South        ,INFECT     , <12 ,F  ,       199
South        ,INFECT     , <12 ,M  ,       167
South        ,INFECT     ,13-17,F  ,       183
South        ,INFECT     ,13-17,M  ,       199
South        ,INFECT     ,18-21,F  ,       211
South        ,INFECT     ,18-21,M  ,       186
South        ,INFECT     ,22-25,F  ,       182
South        ,INFECT     ,22-25,M  ,       211
South        ,INFECT     ,26-29,F  ,       281
South        ,INFECT     ,26-29,M  ,       341
South        ,INFECT     ,30-39,F  ,      1701
South        ,INFECT     ,30-39,M  ,      1732
South        ,INFECT     ,40-49,F  ,      4257
South        ,INFECT     ,40-49,M  ,      5249
South        ,INFECT     ,50-59,F  ,      4295
South        ,INFECT     ,50-59,M  ,      5513
South        ,INFECT     ,60-64,F  ,      1123
South        ,INFECT     ,60-64,M  ,      1307
South        ,INJURY     , <12 ,F  ,       857
South        ,INJURY     , <12 ,M  ,      1219
South        ,INJURY     ,13-17,F  ,       359
South        ,INJURY     ,13-17,M  ,       556
South        ,INJURY     ,18-21,F  ,       630
South        ,INJURY     ,18-21,M  ,      1184
South        ,INJURY     ,22-25,F  ,       816
South        ,INJURY     ,22-25,M  ,      1605
South        ,INJURY     ,26-29,F  ,       901
South        ,INJURY     ,26-29,M  ,      1824
South        ,INJURY     ,30-39,F  ,      2857
South        ,INJURY     ,30-39,M  ,      5141
South        ,INJURY     ,40-49,F  ,      4944
South        ,INJURY     ,40-49,M  ,      7581
South        ,INJURY     ,50-59,F  ,      7150
South        ,INJURY     ,50-59,M  ,     10411
South        ,INJURY     ,60-64,F  ,      2948
South        ,INJURY     ,60-64,M  ,      3593
South        ,INTELLECT  , <12 ,F  ,      9717
South        ,INTELLECT  , <12 ,M  ,     17339
South        ,INTELLECT  ,13-17,F  ,     14576
South        ,INTELLECT  ,13-17,M  ,     23609
South        ,INTELLECT  ,18-21,F  ,     22766
South        ,INTELLECT  ,18-21,M  ,     31172
South        ,INTELLECT  ,22-25,F  ,     22922
South        ,INTELLECT  ,22-25,M  ,     27116
South        ,INTELLECT  ,26-29,F  ,     20840
South        ,INTELLECT  ,26-29,M  ,     22783
South        ,INTELLECT  ,30-39,F  ,     44205
South        ,INTELLECT  ,30-39,M  ,     43364
South        ,INTELLECT  ,40-49,F  ,     47480
South        ,INTELLECT  ,40-49,M  ,     42736
South        ,INTELLECT  ,50-59,F  ,     38537
South        ,INTELLECT  ,50-59,M  ,     31351
South        ,INTELLECT  ,60-64,F  ,     12067
South        ,INTELLECT  ,60-64,M  ,      8207
South        ,MENTALOTHER, <12 ,F  ,      2600
South        ,MENTALOTHER, <12 ,M  ,      4593
South        ,MENTALOTHER,13-17,F  ,      3273
South        ,MENTALOTHER,13-17,M  ,      5510
South        ,MENTALOTHER,18-21,F  ,      2934
South        ,MENTALOTHER,18-21,M  ,      4072
South        ,MENTALOTHER,22-25,F  ,      2708
South        ,MENTALOTHER,22-25,M  ,      2989
South        ,MENTALOTHER,26-29,F  ,      2883
South        ,MENTALOTHER,26-29,M  ,      2549
South        ,MENTALOTHER,30-39,F  ,      9375
South        ,MENTALOTHER,30-39,M  ,      6388
South        ,MENTALOTHER,40-49,F  ,     12785
South        ,MENTALOTHER,40-49,M  ,      6600
South        ,MENTALOTHER,50-59,F  ,     12502
South        ,MENTALOTHER,50-59,M  ,      6419
South        ,MENTALOTHER,60-64,F  ,      4168
South        ,MENTALOTHER,60-64,M  ,      1857
South        ,MOOD       , <12 ,F  ,      1999
South        ,MOOD       , <12 ,M  ,      4465
South        ,MOOD       ,13-17,F  ,      5473
South        ,MOOD       ,13-17,M  ,      7211
South        ,MOOD       ,18-21,F  ,      6782
South        ,MOOD       ,18-21,M  ,      6762
South        ,MOOD       ,22-25,F  ,      7628
South        ,MOOD       ,22-25,M  ,      5669
South        ,MOOD       ,26-29,F  ,      8836
South        ,MOOD       ,26-29,M  ,      5434
South        ,MOOD       ,30-39,F  ,     31538
South        ,MOOD       ,30-39,M  ,     12575
South        ,MOOD       ,40-49,F  ,     54683
South        ,MOOD       ,40-49,M  ,     17613
South        ,MOOD       ,50-59,F  ,     59664
South        ,MOOD       ,50-59,M  ,     18141
South        ,MOOD       ,60-64,F  ,     19246
South        ,MOOD       ,60-64,M  ,      4609
South        ,MUSCUL     , <12 ,F  ,      1267
South        ,MUSCUL     , <12 ,M  ,      1330
South        ,MUSCUL     ,13-17,F  ,       752
South        ,MUSCUL     ,13-17,M  ,       618
South        ,MUSCUL     ,18-21,F  ,       961
South        ,MUSCUL     ,18-21,M  ,       706
South        ,MUSCUL     ,22-25,F  ,      1166
South        ,MUSCUL     ,22-25,M  ,       860
South        ,MUSCUL     ,26-29,F  ,      1617
South        ,MUSCUL     ,26-29,M  ,       950
South        ,MUSCUL     ,30-39,F  ,      8717
South        ,MUSCUL     ,30-39,M  ,      4458
South        ,MUSCUL     ,40-49,F  ,     27704
South        ,MUSCUL     ,40-49,M  ,     14377
South        ,MUSCUL     ,50-59,F  ,     63324
South        ,MUSCUL     ,50-59,M  ,     40509
South        ,MUSCUL     ,60-64,F  ,     33392
South        ,MUSCUL     ,60-64,M  ,     18266
South        ,NEOPLA     , <12 ,F  ,      2148
South        ,NEOPLA     , <12 ,M  ,      2648
South        ,NEOPLA     ,13-17,F  ,       768
South        ,NEOPLA     ,13-17,M  ,       847
South        ,NEOPLA     ,18-21,F  ,       447
South        ,NEOPLA     ,18-21,M  ,       668
South        ,NEOPLA     ,22-25,F  ,       447
South        ,NEOPLA     ,22-25,M  ,       463
South        ,NEOPLA     ,26-29,F  ,       413
South        ,NEOPLA     ,26-29,M  ,       342
South        ,NEOPLA     ,30-39,F  ,      1269
South        ,NEOPLA     ,30-39,M  ,       817
South        ,NEOPLA     ,40-49,F  ,      3777
South        ,NEOPLA     ,40-49,M  ,      2058
South        ,NEOPLA     ,50-59,F  ,      6332
South        ,NEOPLA     ,50-59,M  ,      5070
South        ,NEOPLA     ,60-64,F  ,      2561
South        ,NEOPLA     ,60-64,M  ,      1856
South        ,NERVOUS    , <12 ,F  ,     13083
South        ,NERVOUS    , <12 ,M  ,     16407
South        ,NERVOUS    ,13-17,F  ,      5769
South        ,NERVOUS    ,13-17,M  ,      7271
South        ,NERVOUS    ,18-21,F  ,      7201
South        ,NERVOUS    ,18-21,M  ,      8674
South        ,NERVOUS    ,22-25,F  ,      7018
South        ,NERVOUS    ,22-25,M  ,      7798
South        ,NERVOUS    ,26-29,F  ,      6240
South        ,NERVOUS    ,26-29,M  ,      6534
South        ,NERVOUS    ,30-39,F  ,     13551
South        ,NERVOUS    ,30-39,M  ,     11967
South        ,NERVOUS    ,40-49,F  ,     16682
South        ,NERVOUS    ,40-49,M  ,     11820
South        ,NERVOUS    ,50-59,F  ,     18386
South        ,NERVOUS    ,50-59,M  ,     12997
South        ,NERVOUS    ,60-64,F  ,      7441
South        ,NERVOUS    ,60-64,M  ,      4624
South        ,ORGANIC    , <12 ,F  ,      2171
South        ,ORGANIC    , <12 ,M  ,      4490
South        ,ORGANIC    ,13-17,F  ,      1346
South        ,ORGANIC    ,13-17,M  ,      2754
South        ,ORGANIC    ,18-21,F  ,      2427
South        ,ORGANIC    ,18-21,M  ,      4867
South        ,ORGANIC    ,22-25,F  ,      2269
South        ,ORGANIC    ,22-25,M  ,      4152
South        ,ORGANIC    ,26-29,F  ,      1792
South        ,ORGANIC    ,26-29,M  ,      2997
South        ,ORGANIC    ,30-39,F  ,      4033
South        ,ORGANIC    ,30-39,M  ,      6005
South        ,ORGANIC    ,40-49,F  ,      7050
South        ,ORGANIC    ,40-49,M  ,      8583
South        ,ORGANIC    ,50-59,F  ,      9510
South        ,ORGANIC    ,50-59,M  ,     11329
South        ,ORGANIC    ,60-64,F  ,      3580
South        ,ORGANIC    ,60-64,M  ,      3864
South        ,OTHER      , <12 ,F  ,     22493
South        ,OTHER      , <12 ,M  ,     26083
South        ,OTHER      ,13-17,F  ,      2181
South        ,OTHER      ,13-17,M  ,      3506
South        ,OTHER      ,18-21,F  ,       538
South        ,OTHER      ,18-21,M  ,       931
South        ,OTHER      ,22-25,F  ,       306
South        ,OTHER      ,22-25,M  ,       436
South        ,OTHER      ,26-29,F  ,       332
South        ,OTHER      ,26-29,M  ,       463
South        ,OTHER      ,30-39,F  ,       337
South        ,OTHER      ,30-39,M  ,       312
South        ,OTHER      ,40-49,F  ,       352
South        ,OTHER      ,40-49,M  ,       228
South        ,OTHER      ,50-59,F  ,       420
South        ,OTHER      ,50-59,M  ,       269
South        ,OTHER      ,60-64,F  ,       142
South        ,OTHER      ,60-64,M  ,        92
South        ,RESPIR     , <12 ,F  ,      5070
South        ,RESPIR     , <12 ,M  ,      8933
South        ,RESPIR     ,13-17,F  ,      1247
South        ,RESPIR     ,13-17,M  ,      2008
South        ,RESPIR     ,18-21,F  ,       427
South        ,RESPIR     ,18-21,M  ,       570
South        ,RESPIR     ,22-25,F  ,       271
South        ,RESPIR     ,22-25,M  ,       220
South        ,RESPIR     ,26-29,F  ,       327
South        ,RESPIR     ,26-29,M  ,       194
South        ,RESPIR     ,30-39,F  ,      1412
South        ,RESPIR     ,30-39,M  ,       601
South        ,RESPIR     ,40-49,F  ,      5087
South        ,RESPIR     ,40-49,M  ,      1791
South        ,RESPIR     ,50-59,F  ,     12808
South        ,RESPIR     ,50-59,M  ,      6949
South        ,RESPIR     ,60-64,F  ,      6185
South        ,RESPIR     ,60-64,M  ,      3812
South        ,SCHIZO     , <12 ,F  ,       195
South        ,SCHIZO     , <12 ,M  ,       308
South        ,SCHIZO     ,13-17,F  ,       530
South        ,SCHIZO     ,13-17,M  ,       823
South        ,SCHIZO     ,18-21,F  ,      1267
South        ,SCHIZO     ,18-21,M  ,      2948
South        ,SCHIZO     ,22-25,F  ,      2155
South        ,SCHIZO     ,22-25,M  ,      5857
South        ,SCHIZO     ,26-29,F  ,      2784
South        ,SCHIZO     ,26-29,M  ,      7395
South        ,SCHIZO     ,30-39,F  ,      8812
South        ,SCHIZO     ,30-39,M  ,     17222
South        ,SCHIZO     ,40-49,F  ,     16567
South        ,SCHIZO     ,40-49,M  ,     21383
South        ,SCHIZO     ,50-59,F  ,     20951
South        ,SCHIZO     ,50-59,M  ,     22725
South        ,SCHIZO     ,60-64,F  ,      6926
South        ,SCHIZO     ,60-64,M  ,      4340
South        ,SKIN       , <12 ,F  ,       510
South        ,SKIN       , <12 ,M  ,       500
South        ,SKIN       ,13-17,F  ,       113
South        ,SKIN       ,13-17,M  ,       102
South        ,SKIN       ,18-21,F  ,        89
South        ,SKIN       ,18-21,M  ,        56
South        ,SKIN       ,22-25,F  ,        96
South        ,SKIN       ,22-25,M  ,        63
South        ,SKIN       ,26-29,F  ,       107
South        ,SKIN       ,26-29,M  ,        55
South        ,SKIN       ,30-39,F  ,       373
South        ,SKIN       ,30-39,M  ,       178
South        ,SKIN       ,40-49,F  ,       621
South        ,SKIN       ,40-49,M  ,       291
South        ,SKIN       ,50-59,F  ,       729
South        ,SKIN       ,50-59,M  ,       401
South        ,SKIN       ,60-64,F  ,       256
South        ,SKIN       ,60-64,M  ,       112
South        ,UNKNOWN    , <12 ,F  ,      4484
South        ,UNKNOWN    , <12 ,M  ,      6942
South        ,UNKNOWN    ,13-17,F  ,      1618
South        ,UNKNOWN    ,13-17,M  ,      2274
South        ,UNKNOWN    ,18-21,F  ,       731
South        ,UNKNOWN    ,18-21,M  ,      1018
South        ,UNKNOWN    ,22-25,F  ,       479
South        ,UNKNOWN    ,22-25,M  ,       508
South        ,UNKNOWN    ,26-29,F  ,       647
South        ,UNKNOWN    ,26-29,M  ,       704
South        ,UNKNOWN    ,30-39,F  ,      2793
South        ,UNKNOWN    ,30-39,M  ,      2461
South        ,UNKNOWN    ,40-49,F  ,      6816
South        ,UNKNOWN    ,40-49,M  ,      4794
South        ,UNKNOWN    ,50-59,F  ,     14420
South        ,UNKNOWN    ,50-59,M  ,     11652
South        ,UNKNOWN    ,60-64,F  ,      9031
South        ,UNKNOWN    ,60-64,M  ,      6298
West         ,AUTISTIC   , <12 ,F  ,      3343
West         ,AUTISTIC   , <12 ,M  ,     14087
West         ,AUTISTIC   ,13-17,F  ,       968
West         ,AUTISTIC   ,13-17,M  ,      4532
West         ,AUTISTIC   ,18-21,F  ,      1146
West         ,AUTISTIC   ,18-21,M  ,      5006
West         ,AUTISTIC   ,22-25,F  ,       725
West         ,AUTISTIC   ,22-25,M  ,      3115
West         ,AUTISTIC   ,26-29,F  ,       351
West         ,AUTISTIC   ,26-29,M  ,      1417
West         ,AUTISTIC   ,30-39,F  ,       273
West         ,AUTISTIC   ,30-39,M  ,       847
West         ,AUTISTIC   ,40-49,F  ,       106
West         ,AUTISTIC   ,40-49,M  ,       317
West         ,AUTISTIC   ,50-59,F  ,        71
West         ,AUTISTIC   ,50-59,M  ,       132
West         ,AUTISTIC   ,60-64,F  ,        15
West         ,AUTISTIC   ,60-64,M  ,        15
West         ,BLOOD      , <12 ,F  ,       325
West         ,BLOOD      , <12 ,M  ,       479
West         ,BLOOD      ,13-17,F  ,       176
West         ,BLOOD      ,13-17,M  ,       227
West         ,BLOOD      ,18-21,F  ,       154
West         ,BLOOD      ,18-21,M  ,       176
West         ,BLOOD      ,22-25,F  ,       146
West         ,BLOOD      ,22-25,M  ,       164
West         ,BLOOD      ,26-29,F  ,       116
West         ,BLOOD      ,26-29,M  ,       107
West         ,BLOOD      ,30-39,F  ,       206
West         ,BLOOD      ,30-39,M  ,       203
West         ,BLOOD      ,40-49,F  ,       263
West         ,BLOOD      ,40-49,M  ,       152
West         ,BLOOD      ,50-59,F  ,       345
West         ,BLOOD      ,50-59,M  ,       160
West         ,BLOOD      ,60-64,F  ,       125
West         ,BLOOD      ,60-64,M  ,        60
West         ,CHILDHOOD  , <12 ,F  ,      2349
West         ,CHILDHOOD  , <12 ,M  ,      9679
West         ,CHILDHOOD  ,13-17,F  ,      2414
West         ,CHILDHOOD  ,13-17,M  ,      9695
West         ,CHILDHOOD  ,18-21,F  ,       722
West         ,CHILDHOOD  ,18-21,M  ,      2975
West         ,CHILDHOOD  ,22-25,F  ,       244
West         ,CHILDHOOD  ,22-25,M  ,       754
West         ,CHILDHOOD  ,26-29,F  ,       180
West         ,CHILDHOOD  ,26-29,M  ,       527
West         ,CHILDHOOD  ,30-39,F  ,       125
West         ,CHILDHOOD  ,30-39,M  ,       304
West         ,CHILDHOOD  ,40-49,F  ,       109
West         ,CHILDHOOD  ,40-49,M  ,       119
West         ,CHILDHOOD  ,50-59,F  ,        84
West         ,CHILDHOOD  ,50-59,M  ,        67
West         ,CHILDHOOD  ,60-64,F  ,        13
West         ,CHILDHOOD  ,60-64,M  ,        14
West         ,CIRCUL     , <12 ,F  ,       385
West         ,CIRCUL     , <12 ,M  ,       506
West         ,CIRCUL     ,13-17,F  ,        83
West         ,CIRCUL     ,13-17,M  ,       109
West         ,CIRCUL     ,18-21,F  ,       129
West         ,CIRCUL     ,18-21,M  ,       157
West         ,CIRCUL     ,22-25,F  ,       191
West         ,CIRCUL     ,22-25,M  ,       207
West         ,CIRCUL     ,26-29,F  ,       185
West         ,CIRCUL     ,26-29,M  ,       236
West         ,CIRCUL     ,30-39,F  ,       845
West         ,CIRCUL     ,30-39,M  ,       820
West         ,CIRCUL     ,40-49,F  ,      2322
West         ,CIRCUL     ,40-49,M  ,      2554
West         ,CIRCUL     ,50-59,F  ,      7168
West         ,CIRCUL     ,50-59,M  ,      9001
West         ,CIRCUL     ,60-64,F  ,      5479
West         ,CIRCUL     ,60-64,M  ,      6280
West         ,CONGEN     , <12 ,F  ,      6357
West         ,CONGEN     , <12 ,M  ,      7541
West         ,CONGEN     ,13-17,F  ,      1314
West         ,CONGEN     ,13-17,M  ,      1609
West         ,CONGEN     ,18-21,F  ,      1189
West         ,CONGEN     ,18-21,M  ,      1471
West         ,CONGEN     ,22-25,F  ,       976
West         ,CONGEN     ,22-25,M  ,      1101
West         ,CONGEN     ,26-29,F  ,       705
West         ,CONGEN     ,26-29,M  ,       745
West         ,CONGEN     ,30-39,F  ,       673
West         ,CONGEN     ,30-39,M  ,       601
West         ,CONGEN     ,40-49,F  ,       411
West         ,CONGEN     ,40-49,M  ,       311
West         ,CONGEN     ,50-59,F  ,       263
West         ,CONGEN     ,50-59,M  ,       231
West         ,CONGEN     ,60-64,F  ,        90
West         ,CONGEN     ,60-64,M  ,        60
West         ,DEVELOP    , <12 ,F  ,      7468
West         ,DEVELOP    , <12 ,M  ,     16584
West         ,DEVELOP    ,13-17,F  ,      2886
West         ,DEVELOP    ,13-17,M  ,      6063
West         ,DEVELOP    ,18-21,F  ,       878
West         ,DEVELOP    ,18-21,M  ,      1695
West         ,DEVELOP    ,22-25,F  ,       400
West         ,DEVELOP    ,22-25,M  ,       587
West         ,DEVELOP    ,26-29,F  ,       326
West         ,DEVELOP    ,26-29,M  ,       464
West         ,DEVELOP    ,30-39,F  ,       325
West         ,DEVELOP    ,30-39,M  ,       370
West         ,DEVELOP    ,40-49,F  ,       213
West         ,DEVELOP    ,40-49,M  ,       212
West         ,DEVELOP    ,50-59,F  ,       145
West         ,DEVELOP    ,50-59,M  ,       147
West         ,DEVELOP    ,60-64,F  ,        29
West         ,DEVELOP    ,60-64,M  ,        30
West         ,DIGEST     , <12 ,F  ,      1097
West         ,DIGEST     , <12 ,M  ,      1316
West         ,DIGEST     ,13-17,F  ,       109
West         ,DIGEST     ,13-17,M  ,       114
West         ,DIGEST     ,18-21,F  ,        75
West         ,DIGEST     ,18-21,M  ,        86
West         ,DIGEST     ,22-25,F  ,       112
West         ,DIGEST     ,22-25,M  ,       106
West         ,DIGEST     ,26-29,F  ,       138
West         ,DIGEST     ,26-29,M  ,       115
West         ,DIGEST     ,30-39,F  ,       401
West         ,DIGEST     ,30-39,M  ,       343
West         ,DIGEST     ,40-49,F  ,      1297
West         ,DIGEST     ,40-49,M  ,      1114
West         ,DIGEST     ,50-59,F  ,      2637
West         ,DIGEST     ,50-59,M  ,      2866
West         ,DIGEST     ,60-64,F  ,      1041
West         ,DIGEST     ,60-64,M  ,      1079
West         ,ENDOCR     , <12 ,F  ,       463
West         ,ENDOCR     , <12 ,M  ,       476
West         ,ENDOCR     ,13-17,F  ,       183
West         ,ENDOCR     ,13-17,M  ,       191
West         ,ENDOCR     ,18-21,F  ,       177
West         ,ENDOCR     ,18-21,M  ,       233
West         ,ENDOCR     ,22-25,F  ,       190
West         ,ENDOCR     ,22-25,M  ,       171
West         ,ENDOCR     ,26-29,F  ,       209
West         ,ENDOCR     ,26-29,M  ,       210
West         ,ENDOCR     ,30-39,F  ,       884
West         ,ENDOCR     ,30-39,M  ,       581
West         ,ENDOCR     ,40-49,F  ,      2578
West         ,ENDOCR     ,40-49,M  ,      1478
West         ,ENDOCR     ,50-59,F  ,      7374
West         ,ENDOCR     ,50-59,M  ,      3554
West         ,ENDOCR     ,60-64,F  ,      5132
West         ,ENDOCR     ,60-64,M  ,      2045
West         ,GENITO     , <12 ,F  ,       161
West         ,GENITO     , <12 ,M  ,       243
West         ,GENITO     ,13-17,F  ,       119
West         ,GENITO     ,13-17,M  ,       126
West         ,GENITO     ,18-21,F  ,       195
West         ,GENITO     ,18-21,M  ,       201
West         ,GENITO     ,22-25,F  ,       248
West         ,GENITO     ,22-25,M  ,       267
West         ,GENITO     ,26-29,F  ,       268
West         ,GENITO     ,26-29,M  ,       254
West         ,GENITO     ,30-39,F  ,       867
West         ,GENITO     ,30-39,M  ,       840
West         ,GENITO     ,40-49,F  ,      1355
West         ,GENITO     ,40-49,M  ,      1344
West         ,GENITO     ,50-59,F  ,      1805
West         ,GENITO     ,50-59,M  ,      1879
West         ,GENITO     ,60-64,F  ,       836
West         ,GENITO     ,60-64,M  ,       800
West         ,INFECT     , <12 ,F  ,        49
West         ,INFECT     , <12 ,M  ,        69
West         ,INFECT     ,13-17,F  ,        42
West         ,INFECT     ,13-17,M  ,        38
West         ,INFECT     ,18-21,F  ,        39
West         ,INFECT     ,18-21,M  ,        49
West         ,INFECT     ,22-25,F  ,        53
West         ,INFECT     ,22-25,M  ,        75
West         ,INFECT     ,26-29,F  ,        80
West         ,INFECT     ,26-29,M  ,       130
West         ,INFECT     ,30-39,F  ,       395
West         ,INFECT     ,30-39,M  ,       782
West         ,INFECT     ,40-49,F  ,      1240
West         ,INFECT     ,40-49,M  ,      3334
West         ,INFECT     ,50-59,F  ,      1549
West         ,INFECT     ,50-59,M  ,      3201
West         ,INFECT     ,60-64,F  ,       620
West         ,INFECT     ,60-64,M  ,       821
West         ,INJURY     , <12 ,F  ,       436
West         ,INJURY     , <12 ,M  ,       556
West         ,INJURY     ,13-17,F  ,       174
West         ,INJURY     ,13-17,M  ,       236
West         ,INJURY     ,18-21,F  ,       325
West         ,INJURY     ,18-21,M  ,       649
West         ,INJURY     ,22-25,F  ,       392
West         ,INJURY     ,22-25,M  ,       972
West         ,INJURY     ,26-29,F  ,       424
West         ,INJURY     ,26-29,M  ,      1040
West         ,INJURY     ,30-39,F  ,      1223
West         ,INJURY     ,30-39,M  ,      2715
West         ,INJURY     ,40-49,F  ,      2376
West         ,INJURY     ,40-49,M  ,      4048
West         ,INJURY     ,50-59,F  ,      3993
West         ,INJURY     ,50-59,M  ,      6331
West         ,INJURY     ,60-64,F  ,      2225
West         ,INJURY     ,60-64,M  ,      2523
West         ,INTELLECT  , <12 ,F  ,      4381
West         ,INTELLECT  , <12 ,M  ,      7647
West         ,INTELLECT  ,13-17,F  ,      4902
West         ,INTELLECT  ,13-17,M  ,      7483
West         ,INTELLECT  ,18-21,F  ,      9642
West         ,INTELLECT  ,18-21,M  ,     12172
West         ,INTELLECT  ,22-25,F  ,      9932
West         ,INTELLECT  ,22-25,M  ,     11203
West         ,INTELLECT  ,26-29,F  ,      8827
West         ,INTELLECT  ,26-29,M  ,      9258
West         ,INTELLECT  ,30-39,F  ,     16435
West         ,INTELLECT  ,30-39,M  ,     16283
West         ,INTELLECT  ,40-49,F  ,     15456
West         ,INTELLECT  ,40-49,M  ,     14504
West         ,INTELLECT  ,50-59,F  ,     11512
West         ,INTELLECT  ,50-59,M  ,     10278
West         ,INTELLECT  ,60-64,F  ,      2882
West         ,INTELLECT  ,60-64,M  ,      2233
West         ,MENTALOTHER, <12 ,F  ,       872
West         ,MENTALOTHER, <12 ,M  ,      1715
West         ,MENTALOTHER,13-17,F  ,      1145
West         ,MENTALOTHER,13-17,M  ,      2137
West         ,MENTALOTHER,18-21,F  ,      1523
West         ,MENTALOTHER,18-21,M  ,      2059
West         ,MENTALOTHER,22-25,F  ,      1876
West         ,MENTALOTHER,22-25,M  ,      2101
West         ,MENTALOTHER,26-29,F  ,      2194
West         ,MENTALOTHER,26-29,M  ,      1943
West         ,MENTALOTHER,30-39,F  ,      5978
West         ,MENTALOTHER,30-39,M  ,      4251
West         ,MENTALOTHER,40-49,F  ,      9355
West         ,MENTALOTHER,40-49,M  ,      5320
West         ,MENTALOTHER,50-59,F  ,     10370
West         ,MENTALOTHER,50-59,M  ,      5976
West         ,MENTALOTHER,60-64,F  ,      3425
West         ,MENTALOTHER,60-64,M  ,      1930
West         ,MOOD       , <12 ,F  ,       464
West         ,MOOD       , <12 ,M  ,      1191
West         ,MOOD       ,13-17,F  ,      1426
West         ,MOOD       ,13-17,M  ,      2362
West         ,MOOD       ,18-21,F  ,      2760
West         ,MOOD       ,18-21,M  ,      2856
West         ,MOOD       ,22-25,F  ,      3889
West         ,MOOD       ,22-25,M  ,      3375
West         ,MOOD       ,26-29,F  ,      4802
West         ,MOOD       ,26-29,M  ,      3489
West         ,MOOD       ,30-39,F  ,     15810
West         ,MOOD       ,30-39,M  ,      8359
West         ,MOOD       ,40-49,F  ,     31271
West         ,MOOD       ,40-49,M  ,     13973
West         ,MOOD       ,50-59,F  ,     42859
West         ,MOOD       ,50-59,M  ,     17869
West         ,MOOD       ,60-64,F  ,     16602
West         ,MOOD       ,60-64,M  ,      5949
West         ,MUSCUL     , <12 ,F  ,       548
West         ,MUSCUL     , <12 ,M  ,       544
West         ,MUSCUL     ,13-17,F  ,       328
West         ,MUSCUL     ,13-17,M  ,       286
West         ,MUSCUL     ,18-21,F  ,       453
West         ,MUSCUL     ,18-21,M  ,       346
West         ,MUSCUL     ,22-25,F  ,       623
West         ,MUSCUL     ,22-25,M  ,       427
West         ,MUSCUL     ,26-29,F  ,       805
West         ,MUSCUL     ,26-29,M  ,       472
West         ,MUSCUL     ,30-39,F  ,      3405
West         ,MUSCUL     ,30-39,M  ,      1911
West         ,MUSCUL     ,40-49,F  ,     11806
West         ,MUSCUL     ,40-49,M  ,      7126
West         ,MUSCUL     ,50-59,F  ,     36798
West         ,MUSCUL     ,50-59,M  ,     25383
West         ,MUSCUL     ,60-64,F  ,     24864
West         ,MUSCUL     ,60-64,M  ,     14369
West         ,NEOPLA     , <12 ,F  ,      1197
West         ,NEOPLA     , <12 ,M  ,      1432
West         ,NEOPLA     ,13-17,F  ,       354
West         ,NEOPLA     ,13-17,M  ,       481
West         ,NEOPLA     ,18-21,F  ,       276
West         ,NEOPLA     ,18-21,M  ,       383
West         ,NEOPLA     ,22-25,F  ,       215
West         ,NEOPLA     ,22-25,M  ,       289
West         ,NEOPLA     ,26-29,F  ,       205
West         ,NEOPLA     ,26-29,M  ,       237
West         ,NEOPLA     ,30-39,F  ,       578
West         ,NEOPLA     ,30-39,M  ,       438
West         ,NEOPLA     ,40-49,F  ,      1525
West         ,NEOPLA     ,40-49,M  ,       858
West         ,NEOPLA     ,50-59,F  ,      2988
West         ,NEOPLA     ,50-59,M  ,      2117
West         ,NEOPLA     ,60-64,F  ,      1583
West         ,NEOPLA     ,60-64,M  ,      1059
West         ,NERVOUS    , <12 ,F  ,      6375
West         ,NERVOUS    , <12 ,M  ,      8061
West         ,NERVOUS    ,13-17,F  ,      2914
West         ,NERVOUS    ,13-17,M  ,      3781
West         ,NERVOUS    ,18-21,F  ,      3822
West         ,NERVOUS    ,18-21,M  ,      4838
West         ,NERVOUS    ,22-25,F  ,      3948
West         ,NERVOUS    ,22-25,M  ,      4602
West         ,NERVOUS    ,26-29,F  ,      3540
West         ,NERVOUS    ,26-29,M  ,      3836
West         ,NERVOUS    ,30-39,F  ,      7443
West         ,NERVOUS    ,30-39,M  ,      7189
West         ,NERVOUS    ,40-49,F  ,      8966
West         ,NERVOUS    ,40-49,M  ,      7649
West         ,NERVOUS    ,50-59,F  ,     11602
West         ,NERVOUS    ,50-59,M  ,      9103
West         ,NERVOUS    ,60-64,F  ,      5432
West         ,NERVOUS    ,60-64,M  ,      3766
West         ,ORGANIC    , <12 ,F  ,      1494
West         ,ORGANIC    , <12 ,M  ,      2888
West         ,ORGANIC    ,13-17,F  ,       712
West         ,ORGANIC    ,13-17,M  ,      1416
West         ,ORGANIC    ,18-21,F  ,      1473
West         ,ORGANIC    ,18-21,M  ,      2806
West         ,ORGANIC    ,22-25,F  ,      1491
West         ,ORGANIC    ,22-25,M  ,      2814
West         ,ORGANIC    ,26-29,F  ,      1223
West         ,ORGANIC    ,26-29,M  ,      2279
West         ,ORGANIC    ,30-39,F  ,      2744
West         ,ORGANIC    ,30-39,M  ,      4400
West         ,ORGANIC    ,40-49,F  ,      4636
West         ,ORGANIC    ,40-49,M  ,      6518
West         ,ORGANIC    ,50-59,F  ,      6235
West         ,ORGANIC    ,50-59,M  ,      8242
West         ,ORGANIC    ,60-64,F  ,      2437
West         ,ORGANIC    ,60-64,M  ,      2751
West         ,OTHER      , <12 ,F  ,      7194
West         ,OTHER      , <12 ,M  ,      8888
West         ,OTHER      ,13-17,F  ,      1012
West         ,OTHER      ,13-17,M  ,      1652
West         ,OTHER      ,18-21,F  ,       315
West         ,OTHER      ,18-21,M  ,       436
West         ,OTHER      ,22-25,F  ,       163
West         ,OTHER      ,22-25,M  ,       206
West         ,OTHER      ,26-29,F  ,       185
West         ,OTHER      ,26-29,M  ,       221
West         ,OTHER      ,30-39,F  ,       176
West         ,OTHER      ,30-39,M  ,       175
West         ,OTHER      ,40-49,F  ,       195
West         ,OTHER      ,40-49,M  ,       164
West         ,OTHER      ,50-59,F  ,       288
West         ,OTHER      ,50-59,M  ,       189
West         ,OTHER      ,60-64,F  ,       113
West         ,OTHER      ,60-64,M  ,        68
West         ,RESPIR     , <12 ,F  ,      1269
West         ,RESPIR     , <12 ,M  ,      2222
West         ,RESPIR     ,13-17,F  ,       317
West         ,RESPIR     ,13-17,M  ,       559
West         ,RESPIR     ,18-21,F  ,       153
West         ,RESPIR     ,18-21,M  ,       156
West         ,RESPIR     ,22-25,F  ,        96
West         ,RESPIR     ,22-25,M  ,       100
West         ,RESPIR     ,26-29,F  ,       121
West         ,RESPIR     ,26-29,M  ,        78
West         ,RESPIR     ,30-39,F  ,       415
West         ,RESPIR     ,30-39,M  ,       227
West         ,RESPIR     ,40-49,F  ,      1551
West         ,RESPIR     ,40-49,M  ,       614
West         ,RESPIR     ,50-59,F  ,      4391
West         ,RESPIR     ,50-59,M  ,      2689
West         ,RESPIR     ,60-64,F  ,      2449
West         ,RESPIR     ,60-64,M  ,      1656
West         ,SCHIZO     , <12 ,F  ,        57
West         ,SCHIZO     , <12 ,M  ,       136
West         ,SCHIZO     ,13-17,F  ,       214
West         ,SCHIZO     ,13-17,M  ,       365
West         ,SCHIZO     ,18-21,F  ,       761
West         ,SCHIZO     ,18-21,M  ,      2009
West         ,SCHIZO     ,22-25,F  ,      1540
West         ,SCHIZO     ,22-25,M  ,      4386
West         ,SCHIZO     ,26-29,F  ,      2028
West         ,SCHIZO     ,26-29,M  ,      6008
West         ,SCHIZO     ,30-39,F  ,      6320
West         ,SCHIZO     ,30-39,M  ,     14624
West         ,SCHIZO     ,40-49,F  ,     12034
West         ,SCHIZO     ,40-49,M  ,     20410
West         ,SCHIZO     ,50-59,F  ,     15623
West         ,SCHIZO     ,50-59,M  ,     21708
West         ,SCHIZO     ,60-64,F  ,      5088
West         ,SCHIZO     ,60-64,M  ,      5102
West         ,SKIN       , <12 ,F  ,       129
West         ,SKIN       , <12 ,M  ,       127
West         ,SKIN       ,13-17,F  ,        32
West         ,SKIN       ,13-17,M  ,        35
West         ,SKIN       ,18-21,F  ,        39
West         ,SKIN       ,18-21,M  ,        35
West         ,SKIN       ,22-25,F  ,        34
West         ,SKIN       ,22-25,M  ,        23
West         ,SKIN       ,26-29,F  ,        39
West         ,SKIN       ,26-29,M  ,        26
West         ,SKIN       ,30-39,F  ,       115
West         ,SKIN       ,30-39,M  ,        79
West         ,SKIN       ,40-49,F  ,       237
West         ,SKIN       ,40-49,M  ,       156
West         ,SKIN       ,50-59,F  ,       328
West         ,SKIN       ,50-59,M  ,       247
West         ,SKIN       ,60-64,F  ,       115
West         ,SKIN       ,60-64,M  ,        78
West         ,UNKNOWN    , <12 ,F  ,      1192
West         ,UNKNOWN    , <12 ,M  ,      1724
West         ,UNKNOWN    ,13-17,F  ,       296
West         ,UNKNOWN    ,13-17,M  ,       454
West         ,UNKNOWN    ,18-21,F  ,       217
West         ,UNKNOWN    ,18-21,M  ,       339
West         ,UNKNOWN    ,22-25,F  ,       160
West         ,UNKNOWN    ,22-25,M  ,       213
West         ,UNKNOWN    ,26-29,F  ,       259
West         ,UNKNOWN    ,26-29,M  ,       280
West         ,UNKNOWN    ,30-39,F  ,      1197
West         ,UNKNOWN    ,30-39,M  ,      1104
West         ,UNKNOWN    ,40-49,F  ,      3266
West         ,UNKNOWN    ,40-49,M  ,      2699
West         ,UNKNOWN    ,50-59,F  ,      7697
West         ,UNKNOWN    ,50-59,M  ,      6342
West         ,UNKNOWN    ,60-64,F  ,      5626
West         ,UNKNOWN    ,60-64,M  ,      3985
